Región,Annual savings,Subsidized System Total Cost,Payback (años),Exponential probability,Logit probability (no usada),Payback Fraction (selector),Delayed Payback Fraction (MA12)
Norte,400.0,5000,12.5,0.023517745856009107,0.09534946489910949,0.023517745856009107,0.023517745856009107
Centro,300.0,5200,17.333333333333332,0.005516564420760777,0.024127021417669217,0.005516564420760777,0.005516564420760777
Sur,200.0,4800,24.0,0.0007465858083766799,0.0033348073074133443,0.0007465858083766799,0.0007465858083766799
